Plugin,Icon,Title,Description
sb-children-block,list-view,Children,List children of the current content as links.
jetpack,,,YGIAGAM
wpforms-lite,block-default,Contact Form by WPForms - Drag & Drop Form Builder for WordPress
tinymce-advanced,,,YGIAGAM
mailchimp-for-wp,block-default,Mailchimp for WordPress Form
wp-smushit,,,YGIAGAM
instagram-feed,block-default,Smash Balloon Social Photo Feed
ninja-forms,,,YGIAGAM
redux-framework,,,YGIAGAM
shortcodes-ultimate,,,YGIAGAM
the-events-calendar,,,YGIAGAM
ml-slider,block-default,MetaSlider
nextgen-gallery,block-default,NextGEN Gallery
smart-slider-3,block-default,Smart Slider 3
seo-by-rank-math,block-default,Rank Math - SEO Plugin for WordPress
seo-by-rank-math,block-default,Rank Math - SEO Plugin for WordPress
seo-by-rank-math,block-default,Rank Math - SEO Plugin for WordPress
amp,,,YGIAGAM
themeisle-companion,block-default,Section
themeisle-companion,block-default,Button Group
themeisle-companion,block-default,Button
themeisle-companion,block-default,Section Column
themeisle-companion,block-default,Pricing
themeisle-companion,block-default,Service
themeisle-companion,block-default,Testimonials
themeisle-companion,block-default,Google Maps
themeisle-companion,block-default,Slider
themeisle-companion,block-default,Advanced Heading
themeisle-companion,block-default,Icon
themeisle-companion,block-default,Posts
themeisle-companion,block-default,Lottie Animation
themeisle-companion,block-default,Progress Bar
themeisle-companion,block-default,Sharing Icons
themeisle-companion,block-default,Plugin Card
themeisle-companion,block-default,About Author
coblocks,,,YGIAGAM
contact-widgets,block-default,Social Profiles
contact-widgets,block-default,Contact Details
photo-gallery,,,YGIAGAM
formidable,block-default,Formidable Form Builder - Contact Form, Survey & Quiz Forms Plugin for WordPress
ultimate-addons-for-gutenberg,block-default,Gutenberg Blocks – Ultimate Addons for Gutenberg
ultimate-addons-for-gutenberg,block-default,Gutenberg Blocks – Ultimate Addons for Gutenberg
ultimate-addons-for-gutenberg,block-default,Gutenberg Blocks – Ultimate Addons for Gutenberg
ultimate-addons-for-gutenberg,block-default,Gutenberg Blocks – Ultimate Addons for Gutenberg
ultimate-addons-for-gutenberg,block-default,Gutenberg Blocks – Ultimate Addons for Gutenberg
ultimate-addons-for-gutenberg,block-default,Gutenberg Blocks – Ultimate Addons for Gutenberg
ultimate-addons-for-gutenberg,block-default,Gutenberg Blocks – Ultimate Addons for Gutenberg
ultimate-addons-for-gutenberg,block-default,Gutenberg Blocks – Ultimate Addons for Gutenberg
popup-builder,,,YGIAGAM
woo-gutenberg-products-block,block-default,Filter Products by Attribute
woo-gutenberg-products-block,block-default,On Sale Products
woo-gutenberg-products-block,block-default,Reviews by Product
woo-gutenberg-products-block,block-default,All Reviews
woo-gutenberg-products-block,block-default,Reviews by Category
woo-gutenberg-products-block,block-default,Active Product Filters
woo-gutenberg-products-block,block-default,Hand-picked Products
woo-gutenberg-products-block,block-default,Products by Category
woo-gutenberg-products-block,block-default,Featured Product
woo-gutenberg-products-block,block-default,Product Search
woo-gutenberg-products-block,block-default,Filter Products by Price
woo-gutenberg-products-block,block-default,Product Categories List
woo-gutenberg-products-block,block-default,Featured Category
woo-gutenberg-products-block,block-default,Newest Products
woo-gutenberg-products-block,block-default,Best Selling Products
woo-gutenberg-products-block,block-default,Products by Tag
caldera-forms,block-default,Caldera Forms - More Than Contact Forms
youtube-embed-plus,block-default,YouTube Wizard
foogallery,block-default,Best Image Gallery & Responsive Photo Gallery - FooGallery
custom-facebook-feed,block-default,Smash Balloon Social Post Feed
leadin,block-default,HubSpot - CRM, Email Marketing, Live Chat, Forms & Analytics
mailpoet,,,YGIAGAM
olympus-google-fonts,block-default,Fonts Plugin | Google Fonts Typography
envira-gallery-lite,,,YGIAGAM
wp-seopress,block-default,SEOPress, on-site SEO
yikes-inc-easy-mailchimp-extender,,,YGIAGAM
complianz-gdpr,block-default,Legal document - Complianz
forminator,,,YGIAGAM
give,block-default,Multi-Form Goal
give,block-default,Progress Bar
give,block-default,Donation Form
give,block-default,GiveWP - Donation Plugin and Fundraising Platform
give,block-default,GiveWP - Donation Plugin and Fundraising Platform
form-maker,,,YGIAGAM
wordpress-popup,,,YGIAGAM
kadence-blocks,block-default,Table of Contents
kadence-blocks,block-default,Gutenberg Blocks by Kadence Blocks – Page Builder Features
kadence-blocks,block-default,Gutenberg Blocks by Kadence Blocks – Page Builder Features
kadence-blocks,block-default,Gutenberg Blocks by Kadence Blocks – Page Builder Features
kadence-blocks,block-default,Gutenberg Blocks by Kadence Blocks – Page Builder Features
kadence-blocks,block-default,Gutenberg Blocks by Kadence Blocks – Page Builder Features
kadence-blocks,block-default,Gutenberg Blocks by Kadence Blocks – Page Builder Features
kadence-blocks,block-default,Gutenberg Blocks by Kadence Blocks – Page Builder Features
kadence-blocks,block-default,Tab
kadence-blocks,block-default,Gutenberg Blocks by Kadence Blocks – Page Builder Features
kadence-blocks,block-default,Gutenberg Blocks by Kadence Blocks – Page Builder Features
kadence-blocks,block-default,Pane
kadence-blocks,block-default,Gutenberg Blocks by Kadence Blocks – Page Builder Features
kadence-blocks,block-default,Gutenberg Blocks by Kadence Blocks – Page Builder Features
kadence-blocks,block-default,Gutenberg Blocks by Kadence Blocks – Page Builder Features
kadence-blocks,block-default,Gutenberg Blocks by Kadence Blocks – Page Builder Features
custom-twitter-feeds,block-default,Custom Twitter Feeds (Tweets Widget)
otter-blocks,block-default,Section
otter-blocks,block-default,Button Group
otter-blocks,block-default,Button
otter-blocks,block-default,Section Column
otter-blocks,block-default,Pricing
otter-blocks,block-default,Service
otter-blocks,block-default,Testimonials
otter-blocks,block-default,Google Maps
otter-blocks,block-default,Slider
otter-blocks,block-default,Advanced Heading
otter-blocks,block-default,Icon
otter-blocks,block-default,Posts
otter-blocks,block-default,Lottie Animation
otter-blocks,block-default,Progress Bar
otter-blocks,block-default,Sharing Icons
otter-blocks,block-default,Icon List
otter-blocks,block-default,Plugin Card
otter-blocks,block-default,Icon List Item
otter-blocks,block-default,About Author
soliloquy-lite,,,YGIAGAM
layout-grid,block-default,Layout Grid Block
layout-grid,block-default,Layout Grid Block
wd-instagram-feed,,,YGIAGAM
booking,block-default,Booking Calendar
luckywp-table-of-contents,block-default,LuckyWP Table of Contents
calculated-fields-form,block-default,Insert CFF
calculated-fields-form,block-default,Create var from POST, GET, SESSION, or COOKIES
metronet-profile-picture,block-default,User Profile Picture
metronet-profile-picture,block-default,User Profile Picture
atomic-blocks,block-default,Container
atomic-blocks,block-default,Accordion
atomic-blocks,block-default,Profile Box
atomic-blocks,block-default,Notice
atomic-blocks,block-default,Button
atomic-blocks,block-default,Testimonial
atomic-blocks,block-default,Spacer
atomic-blocks,block-default,Layouts
atomic-blocks,block-default,Email newsletter
atomic-blocks,block-default,Call To Action
atomic-blocks,block-default,Advanced Column
atomic-blocks,block-default,Drop Cap
atomic-blocks,block-default,Sharing
atomic-blocks,block-default,Advanced Columns
atomic-blocks,block-default,Pricing
atomic-blocks,block-default,Pricing Column
atomic-blocks,block-default,Product Price
atomic-blocks,block-default,Product Subtitle
atomic-blocks,block-default,Product Title
atomic-blocks,block-default,Product Features
atomic-blocks,block-default,Product Button
atomic-blocks,block-default,Atomic Blocks - Gutenberg Blocks Collection
advanced-responsive-video-embedder,block-default,Video Embed (ARVE)
slider-wd,,,YGIAGAM
robo-gallery,block-default,Image Gallery by Robo – Responsive Photo Gallery
feedzy-rss-feeds,block-default,RSS Aggregator by Feedzy - Powerful WP Autoblogging and News Aggregator
wp-recipe-maker,block-default,WP Recipe Maker
wp-recipe-maker,block-default,WP Recipe Maker
wp-recipe-maker,block-default,WP Recipe Maker
wp-recipe-maker,block-default,WP Recipe Maker
wp-recipe-maker,block-default,WP Recipe Maker
wp-recipe-maker,block-default,WP Recipe Maker
wp-recipe-maker,block-default,WP Recipe Maker
wp-recipe-maker,block-default,WP Recipe Maker
visualizer,block-default,Visualizer Chart
constant-contact-forms,block-default,Constant Contact Forms
event-tickets,,,YGIAGAM
wd-facebook-feed,,,YGIAGAM
syntaxhighlighter,block-default,SyntaxHighlighter Evolved
final-tiles-grid-gallery-lite,block-default,Final Tiles Gallery
stripe-payments,block-default,Accept Stripe Payments
gutentor,block-default,Post Module Footer
gutentor,block-default,Simple Text
gutentor,block-default,Advanced Text
gutentor,block-default,Button
gutentor,block-default,Counter
gutentor,block-default,Google Map
gutentor,block-default,Icon
gutentor,block-default,Image
gutentor,block-default,Advanced List
gutentor,block-default,Pricing
gutentor,block-default,Progress Bar
gutentor,block-default,Rating
gutentor,block-default,Video Popup
gutentor,block-default,Pagination
gutentor,block-default,Navigation
gutentor,block-default,Term Filter
gutentor,block-default,Post Module Header
gutentor,block-default,Filter Module Header
gutentor,block-default,Filter Item
gutentor,block-default,Filter Items
gutentor,block-default,Filter Search
gutentor,block-default,Carousel
gutentor,block-default,Carousel Single Column
gutentor,block-default,Dynamic Columns
gutentor,block-default,Dynamic Single Column
gutentor,block-default,Container/Cover
gutentor,block-default,Advanced Columns
gutentor,block-default,Single Column
gutentor,block-default,Slider
gutentor,block-default,Single Slide
gutentor,block-default,Accordion
gutentor,block-default,Tabs
gutentor,block-default,Single Tab Item
gutentor,block-default,Form Wrapper
gutentor,block-default,Gallery
gutentor,block-default,Single Column
gutentor,block-default,Post (Type) Carousel
gutentor,block-default,Term Category Carousel
happyforms,block-default,Contact Form to Manage and respond to conversations with customers — HappyForms
mp-timetable,block-default,Timetable
ecwid-shopping-cart,block-default,Store Home Page
ecwid-shopping-cart,block-default,Cart and Checkout
ecwid-shopping-cart,block-default,Product Card Large
ecwid-shopping-cart,block-default,Product Card Small
ecwid-shopping-cart,block-default,Buy Now Button
ecwid-shopping-cart,block-default,Product Search Box
ecwid-shopping-cart,block-default,Store Categories Menu
ecwid-shopping-cart,block-default,Shopping Cart Icon
ecwid-shopping-cart,block-default,Store Category Page
ecwid-shopping-cart,block-default,Product Search and filters
advanced-gutenberg,block-default,Recent Posts
advanced-gutenberg,block-default,Adv. Column
advanced-gutenberg,block-default,Columns Manager
advanced-gutenberg,block-default,Advanced Image
advanced-gutenberg,block-default,Search Bar
advanced-gutenberg,block-default,Advanced Icon
advanced-gutenberg,block-default,Map
advanced-gutenberg,block-default,Advanced Tabs
advanced-gutenberg,block-default,Tab Item
advanced-gutenberg,block-default,Accordion
advanced-gutenberg,block-default,Count Up
advanced-gutenberg,block-default,Advanced Accordion
advanced-gutenberg,block-default,Accordion Item
advanced-gutenberg,block-default,Contact Form
advanced-gutenberg,block-default,Advanced Table
advanced-gutenberg,block-default,Social Links
advanced-gutenberg,block-default,Login/Register Form
advanced-gutenberg,block-default,Advanced List
advanced-gutenberg,block-default,Testimonial
advanced-gutenberg,block-default,Woo Products
advanced-gutenberg,block-default,Advanced Video
advanced-gutenberg,block-default,Newsletter
advanced-gutenberg,block-default,Tabs
advanced-gutenberg,block-default,Container
advanced-gutenberg,block-default,Info Box
advanced-gutenberg,block-default,Advanced Button
advanced-gutenberg,block-default,Images Slider
wp-meta-seo,,,YGIAGAM
contact-form-maker,,,YGIAGAM
wp-user-frontend,block-default,WPUF Forms
easy-pricing-tables,block-default,Pricing Tables WordPress Plugin - Easy Pricing Tables
yet-another-stars-rating,block-default,Yasr: Overall Rating
yet-another-stars-rating,block-default,Yasr: Visitor Votes
yet-another-stars-rating,block-default,Yasr: Top 10 Reviews
yet-another-stars-rating,block-default,Yasr: Top 10 By Visitors Votes
yet-another-stars-rating,block-default,Yasr: Most Active Authors
yet-another-stars-rating,block-default,Yasr: Most Active Visitors
site-reviews,,,YGIAGAM
getwid,block-default,Getwid - Gutenberg Blocks
getwid,block-default,Getwid - Gutenberg Blocks
getwid,block-default,Getwid - Gutenberg Blocks
getwid,block-default,Getwid - Gutenberg Blocks
getwid,block-default,Getwid - Gutenberg Blocks
getwid,block-default,Getwid - Gutenberg Blocks
getwid,block-default,Getwid - Gutenberg Blocks
getwid,block-default,Getwid - Gutenberg Blocks
getwid,block-default,Getwid - Gutenberg Blocks
getwid,block-default,Getwid - Gutenberg Blocks
getwid,block-default,Getwid - Gutenberg Blocks
getwid,block-default,Getwid - Gutenberg Blocks
getwid,block-default,Getwid - Gutenberg Blocks
getwid,block-default,Getwid - Gutenberg Blocks
getwid,block-default,Getwid - Gutenberg Blocks
getwid,block-default,Getwid - Gutenberg Blocks
getwid,block-default,Getwid - Gutenberg Blocks
getwid,block-default,Getwid - Gutenberg Blocks
getwid,block-default,Getwid - Gutenberg Blocks
getwid,block-default,Getwid - Gutenberg Blocks
getwid,block-default,Getwid - Gutenberg Blocks
getwid,block-default,Getwid - Gutenberg Blocks
getwid,block-default,Getwid - Gutenberg Blocks
getwid,block-default,Getwid - Gutenberg Blocks
getwid,block-default,Getwid - Gutenberg Blocks
getwid,block-default,Getwid - Gutenberg Blocks
getwid,block-default,Getwid - Gutenberg Blocks
getwid,block-default,Getwid - Gutenberg Blocks
getwid,block-default,Getwid - Gutenberg Blocks
getwid,block-default,Getwid - Gutenberg Blocks
getwid,block-default,Getwid - Gutenberg Blocks
getwid,block-default,Getwid - Gutenberg Blocks
getwid,block-default,Getwid - Gutenberg Blocks
getwid,block-default,Getwid - Gutenberg Blocks
getwid,block-default,Getwid - Gutenberg Blocks
getwid,block-default,Getwid - Gutenberg Blocks
getwid,block-default,Getwid - Gutenberg Blocks
getwid,block-default,Getwid - Gutenberg Blocks
getwid,block-default,Getwid - Gutenberg Blocks
getwid,block-default,Getwid - Gutenberg Blocks
event-calendar-wd,,,YGIAGAM
contact-form-to-email,block-default,Contact Form Email
restaurant-reservations,block-default,Booking Form
ultimate-blocks,block-default,Notification Box
ultimate-blocks,block-default,Testimonial
ultimate-blocks,block-default,Call to Action
ultimate-blocks,block-default,Feature Box
ultimate-blocks,block-default,Button (Improved)
ultimate-blocks,block-default,Tab
ultimate-blocks,block-default,Ultimate Blocks - Gutenberg Blocks Plugin
ultimate-blocks,block-default,Ultimate Blocks - Gutenberg Blocks Plugin
ultimate-blocks,block-default,Ultimate Blocks - Gutenberg Blocks Plugin
ultimate-blocks,block-default,Ultimate Blocks - Gutenberg Blocks Plugin
ultimate-blocks,block-default,Ultimate Blocks - Gutenberg Blocks Plugin
ultimate-blocks,block-default,Ultimate Blocks - Gutenberg Blocks Plugin
ultimate-blocks,block-default,Tabbed Content
ultimate-blocks,block-default,Ultimate Blocks - Gutenberg Blocks Plugin
ultimate-blocks,block-default,Tab
ultimate-blocks,block-default,Ultimate Blocks - Gutenberg Blocks Plugin
ultimate-blocks,block-default,Ultimate Blocks - Gutenberg Blocks Plugin
ultimate-blocks,block-default,Ultimate Blocks - Gutenberg Blocks Plugin
ultimate-blocks,block-default,Content Toggle
ultimate-blocks,block-default,Ultimate Blocks - Gutenberg Blocks Plugin
ultimate-blocks,block-default,Content Toggle Panel
ultimate-blocks,block-default,Content Toggle Panel
ultimate-blocks,block-default,Ultimate Blocks - Gutenberg Blocks Plugin
ultimate-blocks,block-default,Ultimate Blocks - Gutenberg Blocks Plugin
ultimate-blocks,block-default,Table of Contents
ultimate-blocks,block-default,Ultimate Blocks - Gutenberg Blocks Plugin
ultimate-blocks,block-default,Ultimate Blocks - Gutenberg Blocks Plugin
ultimate-blocks,block-default,Ultimate Blocks - Gutenberg Blocks Plugin
ultimate-blocks,block-default,Star Rating
ultimate-blocks,block-default,Ultimate Blocks - Gutenberg Blocks Plugin
ultimate-blocks,block-default,Ultimate Blocks - Gutenberg Blocks Plugin
ultimate-blocks,block-default,Ultimate Blocks - Gutenberg Blocks Plugin
ultimate-blocks,block-default,Notification Box Content
ultimate-blocks,block-default,Content Filter
ultimate-blocks,block-default,Ultimate Blocks - Gutenberg Blocks Plugin
ultimate-blocks,block-default,Content Filter Entry
ultimate-blocks,block-default,Content Filter Entry
ultimate-blocks,block-default,Ultimate Blocks - Gutenberg Blocks Plugin
ultimate-blocks,block-default,Ultimate Blocks - Gutenberg Blocks Plugin
ultimate-blocks,block-default,Ultimate Blocks - Gutenberg Blocks Plugin
ultimate-blocks,block-default,Ultimate Blocks - Gutenberg Blocks Plugin
ultimate-blocks,block-default,Number Box
ultimate-blocks,block-default,Ultimate Blocks - Gutenberg Blocks Plugin
portfolio-filter-gallery,,,YGIAGAM
web-stories,,,YGIAGAM
page-views-count,block-default,Page Views
page-views-count,block-default,Page View Count
better-click-to-tweet,block-default,Better Click To Tweet
appointment-hour-booking,block-default,Appointment Hour Booking - WordPress Booking Plugin
timeline-express,block-default,Timeline
cool-timeline,block-default,Cool Timeline - Instant Builder
cool-timeline,block-default,Cool Timeline
all-in-one-video-gallery,block-default,All-in-One Video Gallery
all-in-one-video-gallery,block-default,All-in-One Video Gallery
all-in-one-video-gallery,block-default,All-in-One Video Gallery
all-in-one-video-gallery,block-default,All-in-One Video Gallery
photonic,block-default,Photonic Gallery
widget-countdown,block-default,Countdown Timer - Widget Countdown
embedpress,block-default,EmbedPress – Embed Google Docs, YouTube, Maps, Vimeo, Wistia Videos & Upload PDF, PPT etc.
embedpress,block-default,EmbedPress – Embed Google Docs, YouTube, Maps, Vimeo, Wistia Videos & Upload PDF, PPT etc.
embedpress,block-default,EmbedPress – Embed Google Docs, YouTube, Maps, Vimeo, Wistia Videos & Upload PDF, PPT etc.
embedpress,block-default,EmbedPress – Embed Google Docs, YouTube, Maps, Vimeo, Wistia Videos & Upload PDF, PPT etc.
embedpress,block-default,EmbedPress – Embed Google Docs, YouTube, Maps, Vimeo, Wistia Videos & Upload PDF, PPT etc.
embedpress,block-default,EmbedPress – Embed Google Docs, YouTube, Maps, Vimeo, Wistia Videos & Upload PDF, PPT etc.
embedpress,block-default,EmbedPress – Embed Google Docs, YouTube, Maps, Vimeo, Wistia Videos & Upload PDF, PPT etc.
embedpress,block-default,EmbedPress – Embed Google Docs, YouTube, Maps, Vimeo, Wistia Videos & Upload PDF, PPT etc.
embedpress,block-default,EmbedPress – Embed Google Docs, YouTube, Maps, Vimeo, Wistia Videos & Upload PDF, PPT etc.
embedpress,block-default,Document
google-analytics-opt-out,block-default,Google Analytics Opt-Out
business-profile,block-default,Contact Card
portfolio-wp,block-default,WordPress Portfolio Plugin - Grid Kit Portfolio Gallery
geodirectory,,,YGIAGAM
genesis-blocks,block-default,Container
genesis-blocks,block-default,Accordion
genesis-blocks,block-default,Profile Box
genesis-blocks,block-default,Notice
genesis-blocks,block-default,Button
genesis-blocks,block-default,Testimonial
genesis-blocks,block-default,Spacer
genesis-blocks,block-default,Layouts
genesis-blocks,block-default,Email newsletter
genesis-blocks,block-default,Call To Action
genesis-blocks,block-default,Column
genesis-blocks,block-default,Drop Cap
genesis-blocks,block-default,Sharing
genesis-blocks,block-default,Advanced Columns
genesis-blocks,block-default,Pricing
genesis-blocks,block-default,Pricing Column
genesis-blocks,block-default,Product Price
genesis-blocks,block-default,Product Subtitle
genesis-blocks,block-default,Product Title
genesis-blocks,block-default,Product Features
genesis-blocks,block-default,Product Button
genesis-blocks,block-default,Genesis Blocks
ecommerce-product-catalog,block-default,eCommerce Product Catalog Plugin for WordPress
ecommerce-product-catalog,block-default,eCommerce Product Catalog Plugin for WordPress
ecommerce-product-catalog,block-default,eCommerce Product Catalog Plugin for WordPress
feeds-for-youtube,block-default,Feeds for YouTube (YouTube video, channel, and gallery plugin)
qubely,block-default,Row
qubely,block-default,Column
qubely,block-default,Button
qubely,block-default,Advanced Text
qubely,block-default,Icon
qubely,block-default,Google Map
qubely,block-default,Divider
qubely,block-default,Info Box
qubely,block-default,Testimonial
qubely,block-default,Accordion
qubely,block-default,Heading
qubely,block-default,Video Popup
qubely,block-default,Progress Bar
qubely,block-default,Counter
qubely,block-default,Tabs
qubely,block-default,Tab
qubely,block-default,Contact Form
qubely,block-default,Button Group
qubely,block-default,Advanced List
qubely,block-default,Block Wrapper
qubely,block-default,Team
qubely,block-default,Pricing
qubely,block-default,Timeline
qubely,block-default,Gutenberg Blocks and Page Builder – Qubely
qubely,block-default,Animated Headline
qubely,block-default,Pie Progress
qubely,block-default,Table of Contents
qubely,block-default,Image Comparison
userswp,,,YGIAGAM
connections,block-default,Carousel
connections,block-default,Directory
connections,block-default,Upcoming
connections,block-default,Team
template-events-calendar,block-default,Events Shortcodes & Templates Addon For The Events Calendar
block-builder,,,YGIAGAM
gamipress,,,YGIAGAM
food-and-drink-menu,block-default,Five Star Restaurant Menu - WordPress Ordering Plugin
food-and-drink-menu,block-default,Five Star Restaurant Menu - WordPress Ordering Plugin
food-and-drink-menu,block-default,Five Star Restaurant Menu - WordPress Ordering Plugin
codepeople-post-map,block-default,CP Google Maps
motopress-hotel-booking-lite,block-default,Availability Search Form
motopress-hotel-booking-lite,block-default,Availability Calendar
motopress-hotel-booking-lite,block-default,Availability Search Results
motopress-hotel-booking-lite,block-default,Accommodation Types Listing
motopress-hotel-booking-lite,block-default,Services Listing
motopress-hotel-booking-lite,block-default,Single Accommodation Type
motopress-hotel-booking-lite,block-default,Checkout Form
motopress-hotel-booking-lite,block-default,Booking Form
motopress-hotel-booking-lite,block-default,Accommodation Rates List
motopress-hotel-booking-lite,block-default,Booking Confirmation
ultimate-post,block-default,PostX - Gutenberg Post Blocks
ultimate-post,block-default,Post Grid #3
ultimate-post,block-default,Post List #1
ultimate-post,block-default,Post Grid #7
ultimate-post,block-default,PostX - Gutenberg Post Blocks
ultimate-post,block-default,Heading
ultimate-post,block-default,Post List #2
ultimate-post,block-default,Image
ultimate-post,block-default,Post Slider #1
ultimate-post,block-default,Post Grid #1
ultimate-post,block-default,Post Grid #5
ultimate-post,block-default,Post Module #1
ultimate-post,block-default,Post Module #2
ultimate-post,block-default,Post Grid #6
ultimate-post,block-default,Post List #4
ultimate-post,block-default,Post Grid #4
ultimate-post,block-default,Post List #3
ultimate-post,block-default,Wrapper
wp-user-manager,,,YGIAGAM
countdown-builder,,,YGIAGAM
block-gallery,block-default,Block Gallery - Photo Gallery Gutenberg Blocks
block-gallery,block-default,Block Gallery - Photo Gallery Gutenberg Blocks
block-gallery,block-default,Block Gallery - Photo Gallery Gutenberg Blocks
liquid-speech-balloon,block-default,Speech Balloon
author-avatars,businessman,Avatar Lists,This plugin makes it easy to *display lists of user avatars*, grouped by user roles, on your (multiuser) site. It also allows you to *insert single avatars* for blog users or any email address into a post or page - great for displaying an image of someone you're talking about.
block-lab,,,YGIAGAM
embed-pdf-viewer,block-default,Embed PDF Viewer
mailchimp-wp,block-default,Forms for Mailchimp by Optin Cat - Grow Your MailChimp List
mailchimp-wp,block-default,Forms for Mailchimp by Optin Cat - Grow Your MailChimp List
wpvr,block-default,WP VR - 360 Panorama and Virtual Tour Creator For WordPress
drop-shadow-boxes,,,YGIAGAM
qodeblock,block-default,Call To Action
qodeblock,block-default,Inline Notice
qodeblock,block-default,Gutenberg Blocks Collection - qodeblock
qodeblock,block-default,Accordion
qodeblock,block-default,Pricing
qodeblock,block-default,Pricing Column
qodeblock,block-default,Product Title
qodeblock,block-default,Product Features
qodeblock,block-default,Product Price
qodeblock,block-default,Product Subtitle
qodeblock,block-default,Product Button
qodeblock,block-default,Advanced Column
qodeblock,block-default,Drop Cap Text
qodeblock,block-default,Gutenberg Blocks Collection - qodeblock
qodeblock,block-default,Author Profile
qodeblock,block-default,Container
qodeblock,block-default,Testimonial
qodeblock,block-default,Gutenberg Blocks Collection - qodeblock
qodeblock,block-default,Button
qodeblock,block-default,Advanced Columns
qodeblock,block-default,Spacer
youtube-video-player,block-default,WpDevArt YouTube Embed, Playlist and Popup
recipe-card-blocks-by-wpzoom,block-default,Recipe Card Blocks by WPZOOM
recipe-card-blocks-by-wpzoom,block-default,Recipe Card Blocks by WPZOOM
recipe-card-blocks-by-wpzoom,block-default,Recipe Card Blocks by WPZOOM
recipe-card-blocks-by-wpzoom,block-default,Recipe Card Blocks by WPZOOM
recipe-card-blocks-by-wpzoom,block-default,Recipe Card Blocks by WPZOOM
recipe-card-blocks-by-wpzoom,block-default,Recipe Card Blocks by WPZOOM
recipe-card-blocks-by-wpzoom,block-default,Recipe Card Blocks by WPZOOM
simply-gallery-block,block-default,Gallery Blocks with Lightbox. Image Gallery, (HTML5 video , YouTube, Vimeo) Video Gallery and Lightbox for native gallery
simply-gallery-block,block-default,Gallery Blocks with Lightbox. Image Gallery, (HTML5 video , YouTube, Vimeo) Video Gallery and Lightbox for native gallery
simply-gallery-block,block-default,Gallery Blocks with Lightbox. Image Gallery, (HTML5 video , YouTube, Vimeo) Video Gallery and Lightbox for native gallery
simply-gallery-block,block-default,Gallery Blocks with Lightbox. Image Gallery, (HTML5 video , YouTube, Vimeo) Video Gallery and Lightbox for native gallery
json-content-importer,block-default,JSON Content Importer
multisite-language-switcher,block-default,Multisite Language Switcher
algori-pdf-viewer,block-default,Algori PDF Viewer,Add and display PDF documents directly on your WordPress website with ease
twentig,,,YGIAGAM
gutenslider,block-default,WordPress Slider Block Gutenslider
gutenslider,block-default,Gutenslide
visual-link-preview,block-default,Visual Link Preview
browser-shots,block-default,Browser Shots
wp-easycart,,,YGIAGAM
easy-image-collage,block-default,Easy Image Collage
contact-forms-builder,block-default,Contact Form Builder, Contact Widget
podcast-player,block-default,Podcast Player - Your Podcasting Companion
mediavine-create,,,YGIAGAM
kioken-blocks,block-default,Fancy Buttons
kioken-blocks,block-default,Container Row
kioken-blocks,block-default,Column
kioken-blocks,block-default,Icon
kioken-blocks,block-default,Tab
kioken-blocks,block-default,Kioken Elements
kioken-blocks,block-default,Page Builder Gutenberg Blocks – Kioken Blocks
meow-gallery,block-default,Meow Gallery (+ Gallery Block)
quiz-cat,block-default,Quiz Cat Quiz
copy-delete-posts,,,YGIAGAM
powr-pack,,,YGIAGAM
wp-email-capture,,,YGIAGAM
blog-filter,,,YGIAGAM
wp-bootstrap-blocks,,,YGIAGAM
organic-profile-block,block-default,Organic Profile Block
ghostkit,,,YGIAGAM
map-block-gutenberg,location-alt,Map,Simple yet powerfull map block powered by Google Maps
audio-and-video-player,block-default,New Audio Player
audio-and-video-player,block-default,New Video Player
audio-and-video-player,block-default,Insert Player From Gallery
new-social-media-widget,,,YGIAGAM
product-blocks-for-woocommerce,block-default,Product Blocks for WooCommerce
product-blocks-for-woocommerce,block-default,Product Blocks for WooCommerce
product-blocks-for-woocommerce,block-default,Product Blocks for WooCommerce
product-blocks-for-woocommerce,block-default,Product Blocks for WooCommerce
product-blocks-for-woocommerce,block-default,Product Blocks for WooCommerce
product-blocks-for-woocommerce,block-default,Product Blocks for WooCommerce
product-blocks-for-woocommerce,block-default,Product Blocks for WooCommerce
product-blocks-for-woocommerce,block-default,Product Blocks for WooCommerce
highlighting-code-block,block-default,Highlighing Code Block
appointment-booking-calendar,block-default,Appointment Booking Calendar
elegant-blocks,block-default,Elegant Blocks - Amazing Gutenberg Blocks
elegant-blocks,block-default,Elegant Blocks - Amazing Gutenberg Blocks
elegant-blocks,block-default,Elegant Blocks - Amazing Gutenberg Blocks
elegant-blocks,block-default,Elegant Blocks - Amazing Gutenberg Blocks
elegant-blocks,block-default,Elegant Blocks - Amazing Gutenberg Blocks
elegant-blocks,block-default,Elegant Blocks - Amazing Gutenberg Blocks
elegant-blocks,block-default,Elegant Blocks - Amazing Gutenberg Blocks
elegant-blocks,block-default,Elegant Blocks - Amazing Gutenberg Blocks
elegant-blocks,block-default,Elegant Blocks - Amazing Gutenberg Blocks
elegant-blocks,block-default,Elegant Blocks - Amazing Gutenberg Blocks
elegant-blocks,block-default,Elegant Blocks - Amazing Gutenberg Blocks
elegant-blocks,block-default,Elegant Blocks - Amazing Gutenberg Blocks
elegant-blocks,block-default,Elegant Blocks - Amazing Gutenberg Blocks
elegant-blocks,block-default,Elegant Blocks - Amazing Gutenberg Blocks
elegant-blocks,block-default,Elegant Blocks - Amazing Gutenberg Blocks
elegant-blocks,block-default,Elegant Blocks - Amazing Gutenberg Blocks
elegant-blocks,block-default,Elegant Blocks - Amazing Gutenberg Blocks
elegant-blocks,block-default,Elegant Blocks - Amazing Gutenberg Blocks
elegant-blocks,block-default,Elegant Blocks - Amazing Gutenberg Blocks
elegant-blocks,block-default,Elegant Blocks - Amazing Gutenberg Blocks
elegant-blocks,block-default,Elegant Blocks - Amazing Gutenberg Blocks
elegant-blocks,block-default,Elegant Blocks - Amazing Gutenberg Blocks
elegant-blocks,block-default,Elegant Blocks - Amazing Gutenberg Blocks
elegant-blocks,block-default,Elegant Blocks - Amazing Gutenberg Blocks
elegant-blocks,block-default,Elegant Blocks - Amazing Gutenberg Blocks
slider-hero,block-default,Slider-Hero
slider-hero,block-default,Slider Hero with Animation, Video Background & Intro Maker
unsplash,,,YGIAGAM
invoicing,,,YGIAGAM
snow-monkey-editor,,,YGIAGAM
tag-groups,block-default,Tabbed Tag Cloud
tag-groups,block-default,Accordion Tag Cloud
tag-groups,block-default,Alphabetical Tag Cloud
tag-groups,block-default,Tag List
tag-groups,block-default,Alphabetical Tag Index
caxton,block-default,Posts grid
caxton,block-default,Caxton - Create Pro page layouts in Gutenberg
zedity,,,YGIAGAM
new-image-gallery,,,YGIAGAM
if-so,block-default,If-So Dynamic Content
cp-contact-form-with-paypal,block-default,CP Contact Form with PayPal
print-my-blog,block-default,Print My Blog
wd-youtube,,,YGIAGAM
helpie-faq,block-default,Helpie FAQ - WordPress FAQ Accordion Plugin
helpie-faq,block-default,Helpie FAQ - WordPress FAQ Accordion Plugin
superb-blocks,block-default,Superb Author Box
superb-blocks,block-default,Superb Rating Block
superb-blocks,block-default,Superb Table of Content
superb-blocks,block-default,superb-blocks/superb-blocks
premium-blocks-for-gutenberg,,,YGIAGAM
creative-blocks,,,YGIAGAM
gutenbee,block-default,GutenBee Slideshow
gutenbee,block-default,GutenBee Icon List
gutenbee,block-default,GutenBee Icon List Item
gutenbee,block-default,GutenBee Google Maps
gutenbee,block-default,GutenBee Spacer
gutenbee,block-default,GutenBee Countup
gutenbee,block-default,GutenBee Image Box
gutenbee,block-default,GutenBee Tabs
gutenbee,block-default,GutenBee Progress Bar
gutenbee,block-default,GutenBee Paragraph
gutenbee,block-default,GutenBee Video Embed
gutenbee,block-default,GutenBee Accordion
gutenbee,block-default,GutenBee Gallery
gutenbee,block-default,GutenBee Food Menu Group
gutenbee,block-default,GutenBee Food Menu
gutenbee,block-default,GutenBee Food Menu Item
gutenbee,block-default,GutenBee Heading
gutenbee,block-default,GutenBee Countdown
gutenbee,block-default,GutenBee Post Types
gutenbee,block-default,GutenBee Divider
gutenbee,block-default,GutenBee Button Group
gutenbee,block-default,GutenBee Banner
gutenbee,block-default,GutenBee Button
gutenbee,block-default,GutenBee Icon Box
gutenbee,block-default,GutenBee Video
gutenbee,block-default,GutenBee Image Comparison
gutenbee,block-default,GutenBee Testimonial
gutenbee,block-default,GutenBee Image
gutenbee,block-default,GutenBee Icon
gutenbee,block-default,GutenBee Container
gutenbee,block-default,GutenBee Column
gutenbee,block-default,GutenBee Review Item
gutenbee,block-default,GutenBee Review
custom-related-posts,block-default,Custom Related Posts
custom-related-posts,block-default,Custom Related Posts
simple-iframe,block-default,Simple Iframe
groundhogg,block-default,WordPress CRM, Email & Marketing Automation for WordPress | Award Winner — Groundhogg
grids,block-default,Grids: Layout builder for WordPress
grids,block-default,Grids: Layout builder for WordPress
media-slider,,,YGIAGAM
di-blocks,block-default,Di Blocks - Awesome WordPress Blocks for Gutenberg Editor
di-blocks,block-default,Heading
di-blocks,block-default,Google Map
di-blocks,block-default,Icon
di-blocks,block-default,Paragraph
di-blocks,block-default,Divider
di-blocks,block-default,Button
wp-fusion-lite,block-default,WP Fusion Lite
wp-fusion-lite,block-default,Unsecure
wp-fusion-lite,block-default,Inner
abc-pricing-table,,,YGIAGAM
newsletter-optin-box,block-default,WordPress Newsletter Plugin - Noptin
wp-codemirror-block,block-default,CodeMirror Blocks
calendar-booking,block-default,Services
calendar-booking,block-default,Classes
calendar-booking,block-default,Call to Action Button
calendar-booking,block-default,Single Service
ebay-feeds-for-wordpress,block-default,WP eBay Product Feed,Embed eBay Feeds from services such as Auction Request into your WordPress blog
hivepress,,,YGIAGAM
reusable-blocks-extended,,,YGIAGAM
slider-responsive-slideshow,,,YGIAGAM
wp-smart-editor,,,YGIAGAM
modal-popup-box,,,YGIAGAM
event-espresso-decaf,,,YGIAGAM
builder-template-categories,,,YGIAGAM
music-player-for-woocommerce,block-default,WooCommerce Music Player Playlist
editor-blocks,block-default,Wrapper (EB)
editor-blocks,block-default,Callout (EB)
editor-blocks,block-default,Team (EB)
editor-blocks,block-default,Pricing Table (EB)
editor-blocks,block-default,Vertical Feature (EB)
editor-blocks,block-default,Horizontal Feature (EB)
editor-blocks,block-default,Intro (EB)
editor-blocks,block-default,Features (EB)
editor-blocks,block-default,Testimonial (EB)
editor-blocks,block-default,Brands (EB)
editor-blocks,block-default,Author Profile (EB)
editor-blocks,block-default,Hero (EB)
yith-slider-for-page-builders,,,YGIAGAM
animated-live-wall,,,YGIAGAM
360-image,block-default,360 Image,Add interactive 360° images to your WordPress website with ease
design,,,YGIAGAM
new-album-gallery,,,YGIAGAM
katex,block-default,KaTeX
automatic-youtube-gallery,block-default,Automatic YouTube Gallery
wp-payment-form,,,YGIAGAM
essential-blocks,block-default,Essential Blocks for Gutenberg
essential-blocks,block-default,Essential Blocks for Gutenberg
essential-blocks,block-default,Essential Blocks for Gutenberg
essential-blocks,block-default,Essential Blocks for Gutenberg
essential-blocks,block-default,Essential Blocks for Gutenberg
essential-blocks,block-default,Essential Blocks for Gutenberg
essential-blocks,block-default,Essential Blocks for Gutenberg
essential-blocks,block-default,Essential Blocks for Gutenberg
essential-blocks,block-default,Essential Blocks for Gutenberg
essential-blocks,block-default,Essential Blocks for Gutenberg
essential-blocks,block-default,Essential Blocks for Gutenberg
essential-blocks,block-default,Essential Blocks for Gutenberg
essential-blocks,block-default,Essential Blocks for Gutenberg
essential-blocks,block-default,Essential Blocks for Gutenberg
essential-blocks,block-default,Essential Blocks for Gutenberg
essential-blocks,block-default,Essential Blocks for Gutenberg
essential-blocks,block-default,Essential Blocks for Gutenberg
essential-blocks,block-default,Essential Blocks for Gutenberg
essential-blocks,block-default,Essential Blocks for Gutenberg
essential-blocks,block-default,Essential Blocks for Gutenberg
essential-blocks,block-default,Essential Blocks for Gutenberg
essential-blocks,block-default,Essential Blocks for Gutenberg
essential-blocks,block-default,Essential Blocks for Gutenberg
new-video-gallery,,,YGIAGAM
cp-easy-form-builder,block-default,CP Easy Form Builder
image-hover-effects-block,block-default,Image Hover Effects Block
sirv,block-default,Image Optimizer, Resizer and CDN - Sirv
avatar-privacy,,,YGIAGAM
sponsors-carousel,block-default,Sponsors carousel
anchor-block,block-default,Anchor Block
gosign-background-container,block-default,Gosign Background Container
carousel-block,block-default,Slide
bigcommerce,,,YGIAGAM
gosign-masonry-post-block,block-default,Gosign - Masonry Post Block
heroic-glossary,block-default,Heroic Glossary
magical-blocks,,,YGIAGAM
booking-calendar-contact-form,block-default,Booking Calendar Contact Form
wp-instagram-feed-awplife,,,YGIAGAM
gosign-contact-person-box-block,block-default,Gosign - Contact person box block
gosign-contact-person-box-block,block-default,Gosign - Contact Person Box Block
emailoctopus,block-default,Email Marketing by EmailOctopus
gamipress-link,,,YGIAGAM
advanced-bootstrap-blocks,block-default,Advanced Bootstrap Blocks
advanced-bootstrap-blocks,block-default,Row (BS4)
advanced-bootstrap-blocks,block-default,Column (BS4)
advanced-bootstrap-blocks,block-default,Button (BS4)
advanced-bootstrap-blocks,block-default,Button Group (BS4)
advanced-bootstrap-blocks,block-default,Card (BS4)
advanced-bootstrap-blocks,block-default,Card Header (BS4)
advanced-bootstrap-blocks,block-default,Card Body (BS4)
advanced-bootstrap-blocks,block-default,Card Footer (BS4)
advanced-bootstrap-blocks,block-default,Jumbotron (BS4)
polls-widget,block-default,Poll, Survey, Questionnaire and Voting system
simple-code-block,block-default,ACE Code Editor
deligent-variable-block-width,block-default,deligent/variable-columns-block
music-store,block-default,Music Store
conditional-blocks,,,YGIAGAM
animated-blocks,block-default,Animated Block
algori-image-video-slider,block-default,Algori Video and Image Slider,Add beautiful video and image sliders to your WordPress website with ease
setka-editor,block-default,Setka Editor
syntax-highlighting-code-block,,,YGIAGAM
testimonial-maker,,,YGIAGAM
gosign-text-with-image-block,block-default,Gosign - Text with Image Block
countdown-wpdevart-extended,block-default,Countdown and CountUp, WooCommerce Sales Timer
wp-time-slots-booking-form,block-default,WP Time Slots Booking Form
gosign-gallery-box-block,block-default,Gosign - Gallery Box
rsvpmaker,block-default,RSVPMaker
rsvpmaker,block-default,RSVPMaker
rsvpmaker,block-default,RSVPMaker
rsvpmaker,block-default,Limited Time Content (RSVPMaker)
rsvpmaker,block-default,RSVPField Text
rsvpmaker,block-default,RSVPMaker
rsvpmaker,block-default,RSVPMaker
rsvpmaker,block-default,RSVPMaker
rsvpmaker,block-default,RSVPMaker
rsvpmaker,block-default,RSVPField Guests
rsvpmaker,block-default,Stripe Form Wrapper
rsvpmaker,block-default,RSVPMaker
rsvpmaker,block-default,RSVPMaker
rsvpmaker,block-default,RSVPMaker
rsvpmaker,block-default,RSVPMaker
rsvpmaker,block-default,RSVPMaker Schedule
rsvpmaker,block-default,RSVPMaker
rsvpmaker,block-default,RSVPMaker
rsvpmaker,block-default,RSVPMaker
mihanpanel-lite,block-default,MihanPanel - User Profile, User Registration, Login & Membership Plugin
k2-blocks,block-default,Magic Image
k2-blocks,block-default,Premium Section
k2-blocks,block-default,Timer
k2-blocks,block-default,Counter
k2-blocks,block-default,Modal box
k2-blocks,block-default,Heading
k2-blocks,block-default,K2 Blocks
lorem-ipsum-block,block-default,Lorem Ipsum Block - Placeholders for everyone
acf-blocks,,,YGIAGAM
timeline-blocks,block-default,Timeline Block
wp-countdown-block,block-default,Countdown Block
mighty-pros-cons,block-default,Mighty Pros & Cons
wp-munich-blocks,block-default,WP Munich Blocks - Gutenberg Blocks for WordPress
wp-munich-blocks,block-default,WP Munich Blocks - Gutenberg Blocks for WordPress
wp-munich-blocks,block-default,WP Munich Blocks - Gutenberg Blocks for WordPress
wp-munich-blocks,block-default,RSS
wp-munich-blocks,block-default,WP Munich Blocks - Gutenberg Blocks for WordPress
wp-munich-blocks,block-default,WP Munich Blocks - Gutenberg Blocks for WordPress
wp-munich-blocks,block-default,WP Munich Blocks - Gutenberg Blocks for WordPress
wp-munich-blocks,block-default,Latest Posts Advanced
wp-munich-blocks,block-default,WP Munich Blocks - Gutenberg Blocks for WordPress
wp-munich-blocks,block-default,WP Munich Blocks - Gutenberg Blocks for WordPress
wp-munich-blocks,block-default,WP Munich Blocks - Gutenberg Blocks for WordPress
edd-blocks,block-default,Easy Digital Downloads - Blocks
maz-loader,block-default,MAZ Loader – Preloader Builder for WordPress
sell-downloads,block-default,Sell Downloads
post-layouts,block-default,Post Layouts
otfm-gutenberg-spoiler,block-default,Little Spoiler
otfm-gutenberg-spoiler,block-default,Box Spoiler Start
otfm-gutenberg-spoiler,block-default,Box Spoiler End
360-video,block-default,360 Video,Add interactive 360° videos to your WordPress website with ease
we-blocks,block-default,WE - Slider Block
we-blocks,block-default,WE - Testimonials Block
we-blocks,block-default,WE - Logo Carousel Block
we-blocks,block-default,WE Blocks - Image, Testimonial And Logo	Slider Gutenberg Blocks
faq-block-for-gutenberg,block-default,FAQ Block For Gutenberg
gamipress-youtube-integration,,,YGIAGAM
slide,block-default,Slide
social-share-buttons-lite,block-default,Algori Social Share Buttons,Add add Social Media Share Buttons to your Gutenberg ready WordPress website with ease
event-monster,,,YGIAGAM
event,,,YGIAGAM
sogrid,block-default,One & Others - Style 2 - Sogrid
sogrid,block-default,Normal Grid - Sogrid
sogrid,block-default,Classic - Sogrid
sogrid,block-default,Masonry - Sogrid
sogrid,block-default,Two & Others - Sogrid
sogrid,block-default,Overlay Grid - Sogrid
sogrid,block-default,Bordered Grid - Sogrid
sogrid,block-default,Pinterest Masonry - Sogrid
sogrid,block-default,One & Others - Style 1 - Sogrid
sogrid,block-default,Pinterest Grid - Sogrid
wp-toolbelt,block-default,TB Breadcumbs
wp-toolbelt,block-default,TB Sitemap
wp-toolbelt,block-default,TB Related Posts
wp-toolbelt,block-default,TB Post Category
wp-toolbelt,block-default,TB Markdown
wp-toolbelt,block-default,TB Gist
wp-toolbelt,block-default,TB Column
wp-toolbelt,block-default,TB Layout Grid
wp-toolbelt,block-default,TB Portfolio
wp-toolbelt,block-default,Toolbelt
wp-toolbelt,block-default,Toolbelt
wp-toolbelt,block-default,Toolbelt
wp-toolbelt,block-default,Toolbelt
wp-toolbelt,block-default,Toolbelt
wp-toolbelt,block-default,Toolbelt
wp-toolbelt,block-default,Toolbelt
wp-toolbelt,block-default,Toolbelt
wp-toolbelt,block-default,Toolbelt
wp-toolbelt,block-default,Toolbelt
wp-toolbelt,block-default,Toolbelt
wp-toolbelt,block-default,Toolbelt
wp-toolbelt,block-default,Toolbelt
wp-toolbelt,block-default,TB Slide
wp-toolbelt,block-default,TB Slider
wp-toolbelt,block-default,TB Testimonials
wp-toolbelt,block-default,TB Star Rating
sticky-block,block-default,Sticky
cp-polls,block-default,Polls CP
faq-block,block-default,meow/faq-block
faq-block,block-default,FAQ
twst-login-block,lock,Login,Easily insert a login form block into your post or page!
simple-cookie-control,block-default,Hide/Show blocks by Cookies
animation-block,block-default,Animation Block
woo-product-slider-block,block-default,Product Slider Block for WooCommerce
cosmic-blocks,block-default,cwp/advantages
cosmic-blocks,block-default,cwp/separator
cosmic-blocks,block-default,cwp/image
cosmic-blocks,block-default,Links Image Slide
cosmic-blocks,block-default,cwp/greeting
cosmic-blocks,block-default,cwp/buttons
cosmic-blocks,block-default,cwp/accordion
cosmic-blocks,block-default,cwp/links-download
cosmic-blocks,block-default,cwp/steps
cosmic-blocks,block-default,cwp/voting-slogan
cosmic-blocks,block-default,cwp/contacts-target-bar
cosmic-blocks,block-default,cwp/split-list
cosmic-blocks,block-default,cwp/title-intro
cosmic-blocks,block-default,cwp/classifieds-list
cosmic-blocks,block-default,cwp/classifieds-tiles
cosmic-blocks,block-default,cwp/testimonial
cosmic-blocks,block-default,Links List
cosmic-blocks,block-default,cwp/links-icon
cosmic-blocks,block-default,cwp/container-fancy-animated
cosmic-blocks,block-default,cwp/progress
cosmic-blocks,block-default,cwp/foreword
cosmic-blocks,block-default,cwp/inline-notice
cosmic-blocks,block-default,cwp/social-share
cosmic-blocks,block-default,cwp/countup
cosmic-blocks,block-default,cwp/events-upcoming-tiles
cosmic-blocks,block-default,cwp/showcase
cosmic-blocks,block-default,cwp/statement
cosmic-blocks,block-default,cwp/container
cosmic-blocks,block-default,cwp/like-dislike
cosmic-blocks,block-default,cwp/events-list
cosmic-blocks,block-default,Links Image
cosmic-blocks,block-default,cwp/contacts-tiles
cosmic-blocks,block-default,cwp/pricebox
cosmic-blocks,block-default,cwp/brands
cosmic-blocks,block-default,cwp/date-list
cosmic-blocks,block-default,cwp/facts
cosmic-blocks,block-default,cwp/posts-list
cosmic-blocks,block-default,cwp/posts-tiles
cosmic-blocks,block-default,cwp/employee
cosmic-blocks,block-default,cwp/date-tiles
cosmic-blocks,block-default,cwp/contacts-list
cosmic-blocks,block-default,cwp/employee-list
cosmic-blocks,block-default,cwp/donations
cosmic-blocks,block-default,cwp/events-upcoming-list
cosmic-blocks,block-default,cwp/wanted
cosmic-blocks,block-default,cwp/events-tiles
cosmic-blocks,block-default,cwp/launch
cosmic-blocks,block-default,cwp/deals
cosmic-blocks,block-default,cwp/countdown
cosmic-blocks,block-default,cwp/pricelist
cosmic-blocks,block-default,cwp/blocks-links-image
cosmic-blocks,block-default,cwp/blocks-links-image-slide
cosmic-blocks,block-default,cwp/blocks-links-list
cosmic-blocks,block-default,cwp/blocks-openstreetmap
magic-block,block-default,Magic Block
elink-embed-content,block-default,elink - Embed Content
kona-instagram-feed-for-gutenberg,block-default,cgb/kona-instagram-for-gutenberg
block-editor-for-manychat,block-default,Block Editor for ManyChat
list-last-changes,block-default,List Last Changes
elfsight-blocks,,,YGIAGAM
wp-p5js-block,block-default,p5.js Block
gamipress-vimeo-integration,,,YGIAGAM
mathml-block,list-view,MathML block,Display MathML formulas.
bokez-awesome-gutenberg-blocks,block-default,Profile
bokez-awesome-gutenberg-blocks,block-default,FAQ / Accordion
bokez-awesome-gutenberg-blocks,block-default,Pricing Table
bokez-awesome-gutenberg-blocks,block-default,Posts Grid
bokez-awesome-gutenberg-blocks,block-default,Section / Row Layout
bokez-awesome-gutenberg-blocks,block-default,Video Popup
bokez-awesome-gutenberg-blocks,block-default,Separator With Text
bokez-awesome-gutenberg-blocks,block-default,Testimonial
bokez-awesome-gutenberg-blocks,block-default,Blockquote
bokez-awesome-gutenberg-blocks,block-default,Divider
bokez-awesome-gutenberg-blocks,block-default,Button
bokez-awesome-gutenberg-blocks,block-default,Notification
bokez-awesome-gutenberg-blocks,block-default,Cover One
bokez-awesome-gutenberg-blocks,block-default,Bokez - WordPress 5 Blocks
bokez-awesome-gutenberg-blocks,block-default,Share
bokez-awesome-gutenberg-blocks,block-default,Progress Bar
ab-testing-for-wp,block-default,A/B Testing for WordPress
ab-testing-for-wp,block-default,A/B Testing for WordPress
ab-testing-for-wp,block-default,A/B Testing for WordPress
animate-blocks,block-default,Animate Block
enhanced-blocks,block-default,Enhanced Blocks - Page Builder Blocks for Gutenberg
enhanced-blocks,block-default,Enhanced Blocks - Page Builder Blocks for Gutenberg
mycred-blocks,block-default,myCred - Gutenberg Blocks
mycred-blocks,block-default,myCred - Gutenberg Blocks
mycred-blocks,block-default,myCred - Gutenberg Blocks
mycred-blocks,block-default,myCred - Gutenberg Blocks
mycred-blocks,block-default,myCred - Gutenberg Blocks
mycred-blocks,block-default,myCred - Gutenberg Blocks
mycred-blocks,block-default,myCred - Gutenberg Blocks
mycred-blocks,block-default,myCred - Gutenberg Blocks
mycred-blocks,block-default,myCred - Gutenberg Blocks
mycred-blocks,block-default,myCred - Gutenberg Blocks
mycred-blocks,block-default,Best User
mycred-blocks,block-default,myCred - Gutenberg Blocks
mycred-blocks,block-default,myCred - Gutenberg Blocks
mycred-blocks,block-default,myCred - Gutenberg Blocks
mycred-blocks,block-default,myCred - Gutenberg Blocks
mycred-blocks,block-default,myCred - Gutenberg Blocks
mycred-blocks,block-default,myCred - Gutenberg Blocks
mycred-blocks,block-default,Exchange
mycred-blocks,block-default,myCred - Gutenberg Blocks
mycred-blocks,block-default,myCred - Gutenberg Blocks
mycred-blocks,block-default,myCred - Gutenberg Blocks
mycred-blocks,block-default,myCred - Gutenberg Blocks
mycred-blocks,block-default,myCred - Gutenberg Blocks
mycred-blocks,block-default,myCred - Gutenberg Blocks
mycred-blocks,block-default,myCred - Gutenberg Blocks
mycred-blocks,block-default,myCred - Gutenberg Blocks
mycred-blocks,block-default,myCred - Gutenberg Blocks
hot-blocks,block-default,Hot Wide Text
hot-blocks,block-default,Hot Parallax
hot-blocks,block-default,Background Color
hot-blocks,block-default,Hot Header
hot-blocks,block-default,Hot Accordion
hot-blocks,block-default,Hot Button
hot-blocks,block-default,Hot Map
metatrader-web-terminal,block-default,MetaTrader Web Terminal
gosign-posts-slider-block,block-default,Gosign - Posts Slider Block
melonpan-block-container,,,YGIAGAM
myticket-events,block-default,MyTicket Events
myticket-events,block-default,MyTicket Events
myticket-events,block-default,MyTicket Events
myticket-events,block-default,MyTicket Events
myticket-events,block-default,MyTicket Events
myticket-events,block-default,MyTicket Events
infobox,block-default,Infobox,
guteblock,,,YGIAGAM
call-to-action-customizable-block,block-default,Call To Action Block
multipurpose-block,block-default,Multipurpose Gutenberg Block
nelio-compare-images,,,YGIAGAM
gosign-readmore-toggle-text-block,,,YGIAGAM
lsx-blocks,block-default,LSX Blocks
lsx-blocks,block-default,LSX Blocks
lsx-blocks,block-default,LSX Blocks
lsx-blocks,block-default,LSX Blocks
lsx-blocks,block-default,LSX Container
lsx-blocks,block-default,LSX Accordion
lsx-blocks,block-default,LSX Button
lsx-blocks,block-default,LSX Card Box
lsx-blocks,block-default,LSX Author Profile Box
lsx-blocks,block-default,LSX Call To Action
lsx-blocks,block-default,LSX Divider
lsx-blocks,block-default,LSX Banner (Hero Image)
gosign-advanced-separator-block,block-default,Gosign - Advanced Separator Block
abcsubmit,block-default,Easy to use Drag and Drop Form Builder - Pop-Up Forms - Workflow Management
block-for-woo-product-table,block-default,WooCommerce Product Table
countdown-timer-block,block-default,Countdown Timer for WordPress Block Editor
hayyabuild,block-default,HayyaBuild - The Most Advanced Gutenberg Blocks
hayyabuild,block-default,HayyaBuild - The Most Advanced Gutenberg Blocks
hayyabuild,block-default,HayyaBuild - The Most Advanced Gutenberg Blocks
hayyabuild,block-default,HayyaBuild - The Most Advanced Gutenberg Blocks
hayyabuild,block-default,HayyaBuild - The Most Advanced Gutenberg Blocks
hayyabuild,block-default,HayyaBuild - The Most Advanced Gutenberg Blocks
insert-giphy-block,block-default,Insert Giphy Block
flight-search-widget-blocks,block-default,SkyScanner Basic Widget
flight-search-widget-blocks,block-default,SkyScanner Simple Flight Search Widget
flight-search-widget-blocks,block-default,SkyScanner Location Widget
gosign-accordion-slider-block,block-default,Gosign - Accordion Slider
blocks-for-eventbrite,block-default,Blocks for Eventbrite
donations-block,block-default,Paypal Donation Block
gosign-simple-teaser-block,block-default,Gosign - Simple Teaser Block
new-posts-block,block-default,New Posts Block
new-posts-block,block-default,New RSS
ws-form,block-default,Contact Form by WS Form - Drag & Drop WordPress Form Builder
shopconstruct,block-default,Product
shopconstruct,block-default,Category
shopconstruct,block-default,Catalog
shopconstruct,block-default,Cart Button
foodie-nutrition-facts-label,block-default,wpfoodie/foodie-nutrition-label
illustrations,,,YGIAGAM
wpseed-container-block,,,YGIAGAM
countdown-block,block-default,Countdown,Highlight Upcoming Events With Countdown Timer
nhsblocks,block-default,NHS Blocks
nhsblocks,block-default,Dashboard Navigation
nhsblocks,block-default,Do and Don
nhsblocks,block-default,Button
nhsblocks,block-default,NHS Blocks
nhsblocks,block-default,Promo Region
nhsblocks,block-default,Simple Quote
nhsblocks,block-default,NHS Blocks
nhsblocks,block-default,Grouped Items
nhsblocks,block-default,Hero Block
nhsblocks,block-default,Contents List
nhsblocks,block-default,NHS Blocks
nhsblocks,block-default,Review Date
nhsblocks,block-default,Stripes Block
nhsblocks,block-default,Pagination
nhsblocks,block-default,Grouped Promos
nhsblocks,block-default,Contents List within a page
nhsblocks,block-default,Action Link
nhsblocks,block-default,Back Link
schedule-content-block,block-default,Schedule Content Block
advanced-posts-blocks,,,YGIAGAM
responsive-block-editor-addons,,,YGIAGAM
gosign-grid-container-block,,,YGIAGAM
simple-definition-list-blocks,,,YGIAGAM
kenzap-timeline,block-default,Kenzap timeline 1
kenzap-timeline,block-default,Kenzap timeline 2
kenzap-timeline,block-default,Kenzap timeline 4
kenzap-timeline,block-default,Kenzap timeline 3
simple-shortcode-block,block-default,Dynamic Shortcode
tumbili-mailchimp-feed-for-gutenberg,block-default,cgb/tumbili-mailchimp-for-gutenberg
easy-maps-block,,,YGIAGAM
gosign-header-image-block,,,YGIAGAM
custom-call-to-action-block,block-default,Custom Call To Action block Plugin
easy-post-embed-code,block-default,Embed Code
kenzap-steps,block-default,Kenzap Steps 4
kenzap-steps,block-default,Kenzap Steps 2
kenzap-steps,block-default,Kenzap Steps 3
kenzap-steps,block-default,Kenzap Steps 5
kenzap-steps,block-default,Kenzap Steps 1
details-summary-block,block-default,Details Summary Block
get-subpages-list,block-default,Child Pages List
blocks-by-weaver,block-default,Image Columns
blocks-by-weaver,block-default,All-in-One Image/Text
advanced-blocks,block-default,Alert
advanced-blocks,block-default,Map
advanced-blocks,block-default,Call To Action
advanced-blocks,block-default,Parallax
advanced-blocks,block-default,Blockquote
advanced-blocks,block-default,Progress Bar
advanced-blocks,block-default,Team Member
advanced-blocks,block-default,Accordion
advanced-blocks,block-default,Posts Grid
advanced-blocks,block-default,Pricing Table
advanced-blocks,block-default,Countdown
advanced-blocks,block-default,Number Box
wp-blocks-hub,,,YGIAGAM
block-a-saurus,block-default,Block-a-saurus!
gosign-google-maps-block,,,YGIAGAM
blockypage,,,YGIAGAM
payment-form-for-paypal-pro,block-default,Payment Form for PayPal Pro
card-block,block-default,Card
wp-block-pack,block-default,Accordion
wp-block-pack,block-default,Advertisement
wp-block-pack,block-default,Blockquote
wp-block-pack,block-default,Buttons Pro
wp-block-pack,block-default,Button Pro
wp-block-pack,block-default,Counter
wp-block-pack,block-default,Individual Counter
wp-block-pack,block-default,Drop Cap
wp-block-pack,block-default,Icon
wp-block-pack,block-default,Notice
wp-block-pack,block-default,Section
wp-block-pack,block-default,Tabs
wp-block-pack,block-default,Tabs Content
wp-block-pack,block-default,Testimonial
prohotpoints-gallery,,,YGIAGAM
blocks-kit,block-default,Info Box
blocks-kit,block-default,Pricing Table
blocks-kit,block-default,Button
blocks-kit,block-default,Testimonial
blocks-kit,block-default,Call To Action
blocks-kit,block-default,Author Box
blocks-kit,block-default,Advance Heading
blocks-kit,block-default,Section Divider
blocks-kit,block-default,Sticky Notes
blocks-kit,block-default,Pull Quotes
blocks-kit,block-default,Our Team
call-to-action-block-wppool,block-default,Call to action,Call to action WordPress gutenberg block with extended customization
kenzap-stats,block-default,Kenzap Bars 1
kenzap-stats,block-default,Kenzap Circles 1
kenzap-stats,block-default,Kenzap Counter 1
kenzap-stats,block-default,Kenzap Countdown 1
testimonials-block,,,YGIAGAM
block-context,,,YGIAGAM
sv-twitch,block-default,SV Block for Twitch
testimonial-block,,,YGIAGAM
image-slider-block,block-default,oacs/slider
kenzap-features,block-default,Features List 5
kenzap-features,block-default,Features List 4
kenzap-features,block-default,Features List 3
kenzap-features,block-default,Features List 1
kenzap-features,block-default,Features List 2
attire-blocks,block-default,Gutenberg Blocks and Page Layouts - Attire Blocks
attire-blocks,block-default,Gutenberg Blocks and Page Layouts - Attire Blocks
attire-blocks,block-default,Gutenberg Blocks and Page Layouts - Attire Blocks
kenzap-blog,block-default,Kenzap Blog
kenzap-blog,block-default,Kenzap Blog
kenzap-blog,block-default,Kenzap Blog
kenzap-blog,block-default,Kenzap Blog
kenzap-blog,block-default,Kenzap Blog
kenzap-blog,block-default,Kenzap Blog
kenzap-blog,block-default,Kenzap Blog
gosign-promo-box-block,,,YGIAGAM
rad-bootstrap-3-blocks,,,YGIAGAM
marcus-hiles-wistia-shortcodes,block-default,marcus-hiles-wistia-shortcodes/wistia-video-block
gosign-notification-and-alert-block,block-default,Gosign Notification And Alert Block
gosign-buttonblock,block-default,Gosign - Button Block
ultimate-bootstrap-blocks,block-default,Column Block
ultimate-bootstrap-blocks,block-default,Container Block
ultimate-bootstrap-blocks,block-default,Row Block
ultimate-bootstrap-blocks,block-default,Jumbotron Block
ultimate-bootstrap-blocks,block-default,Carousel Block
ultimate-bootstrap-blocks,block-default,Carousel Items
ultimate-bootstrap-blocks,block-default,Accordion Block
ultimate-bootstrap-blocks,block-default,Accordion items
ultimate-bootstrap-blocks,block-default,CTA with 2 column image and text
ultimate-bootstrap-blocks,block-default,CTA with  2 column text and image
ultimate-bootstrap-blocks,block-default,CTA with text, image
ultimate-bootstrap-blocks,block-default,CTA with image, text
ultimate-bootstrap-blocks,block-default,Card
ultimate-bootstrap-blocks,block-default,FAQ Block
ultimate-bootstrap-blocks,block-default,FAQ items
ultimate-bootstrap-blocks,block-default,Modal Block
ultimate-bootstrap-blocks,block-default,Headinging Block
ultimate-bootstrap-blocks,block-default,Blockquote Block
ultimate-bootstrap-blocks,block-default,Display Block
ultimate-bootstrap-blocks,block-default,Lead Block
ultimate-bootstrap-blocks,block-default,Infobox Block
ultimate-bootstrap-blocks,block-default,pricing
ultimate-bootstrap-blocks,block-default,pricinglist
ultimate-bootstrap-blocks,block-default,pricingtable
ultimate-bootstrap-blocks,block-default,Ultimate Bootstrap Blocks
ultimate-bootstrap-blocks,block-default,Ultimate Bootstrap Blocks
ace-html-block,block-default,ACE HTML Block
hero-banner-slider,,,YGIAGAM
kenzap-pricing,block-default,Kenzap pricing 4
kenzap-pricing,block-default,Kenzap pricing 1
kenzap-pricing,block-default,Kenzap pricing 5
kenzap-pricing,block-default,Kenzap pricing 2
kenzap-pricing,block-default,Kenzap pricing 6
kenzap-pricing,block-default,Kenzap pricing 3
maximum-width-container,block-default,gutenberg-blocks/width-container
maximum-width-container,block-default,Max width container
pinblocks,block-default,Follow Widget
pinblocks,block-default,Pin Widget
pinblocks,block-default,Board Widget
pinblocks,block-default,Profile Widget
simple-alert-blocks,block-default,Alert Box
wplyr-media-block,,,YGIAGAM
guten-bubble,block-default,Guten-Bubble
video-block-with-ads,block-default,Video with Ads
listicles,excerpt-view,Listicles,A block to generate Listicles.
block-profile-card,block-default,Profile card
wicked-block-conditions,,,YGIAGAM
dispensary-blocks,block-default,WP Dispensary Flowers
dispensary-blocks,block-default,WP Dispensary Pre-rolls
dispensary-blocks,block-default,WP Dispensary Gear
dispensary-blocks,block-default,WP Dispensary Edibles
dispensary-blocks,block-default,WP Dispensary Tinctures
dispensary-blocks,block-default,WP Dispensary Growers
dispensary-blocks,block-default,WP Dispensary Concentrates
dispensary-blocks,block-default,WP Dispensary Topicals
lyrics-block,,,YGIAGAM
video-playlist-lite,,,YGIAGAM
woolook,block-default,Products by Category Style 2
woolook,block-default,Hand-picked Products
woolook,block-default,Categories
woolook,block-default,Products by Category Style 1
recent-posts-block,block-default,Recent Posts block
pricing-tables-block,block-default,Pricing Table
double-image,,,YGIAGAM
fd-buttons-gutenberg,,,YGIAGAM
shortcode-with-preview-block,shortcode,Shortcode Preview,Shows preview of any shortcode on editor side. It renders shortcode in the editor side so editor does not need to visit front side.
social-media-block,,,YGIAGAM
gosign-vimeo-video-player-block,,,YGIAGAM
gosign-post-teaser-block,block-default,Gosign - Post Teaser Block
questionpro-surveys,,,YGIAGAM
my-marginalia,block-default,Marginalia
average-travel-costs,,,YGIAGAM
waves,,,YGIAGAM
startpage,block-default,Search Engine Form
beauty-box-block,block-default,Beauty Box
nelio-maps,,,YGIAGAM
otfm-countdown-to-new-year-block,block-default,OtFm Countdown to New Year block
china-video-block,block-default,China Video Block
classy-blocks,,,YGIAGAM
custom-blocks-templates,block-default,Custom Blocks Templates
custom-blocks-templates,block-default,Custom Blocks Templates
custom-blocks-templates,block-default,Custom Blocks Templates
custom-blocks-templates,block-default,Custom Blocks Templates
custom-blocks-templates,block-default,Custom Blocks Templates
wp-essential-blocks,,,YGIAGAM
info-blocks-for-woocommerce,,,YGIAGAM
posts-list-block,,,YGIAGAM
power-blocks,,,YGIAGAM
blocks-for-products,,,YGIAGAM
heading-block-font-color,,,YGIAGAM
gecko-grid-layout,block-default,gecko/grid-layout
gecko-grid-layout,block-default,gecko/grid-layout-item
gecko-grid-layout,block-default,gecko/grid-layout-image
gecko-grid-layout,block-default,gecko/grid-layout-basic
starscape,,,YGIAGAM
shinobi-blocks,,,YGIAGAM
chatterbox,,,YGIAGAM
gtg-advanced-blocks,block-default,Global
gtg-advanced-blocks,block-default,Accordion Item
gtg-advanced-blocks,block-default,Accordion
gtg-advanced-blocks,block-default,Post Grid
gtg-advanced-blocks,block-default,Post Masonry
gtg-advanced-blocks,block-default,Post Carousel
gtg-advanced-blocks,block-default,Button
gtg-advanced-blocks,block-default,Buttons
gtg-advanced-blocks,block-default,Counter
gtg-advanced-blocks,block-default,Counter Grid Box
gtg-advanced-blocks,block-default,InfoBox Grid
gtg-advanced-blocks,block-default,Tab Item
gtg-advanced-blocks,block-default,Tabs
gtg-advanced-blocks,block-default,Team
gtg-advanced-blocks,block-default,Teams
gtg-advanced-blocks,block-default,Social Icons
gtg-advanced-blocks,block-default,Social Share
gtg-advanced-blocks,block-default,Google Map
gtg-advanced-blocks,block-default,Icon List
gtg-advanced-blocks,block-default,Icon
gtg-advanced-blocks,block-default,Timeline
gtg-advanced-blocks,block-default,Post Timeline
gtg-advanced-blocks,block-default,Call To Action
gtg-advanced-blocks,block-default,Column
gtg-advanced-blocks,block-default,Mailchimp
gtg-advanced-blocks,block-default,Quote
gtg-advanced-blocks,block-default,Progress Bar
gtg-advanced-blocks,block-default,Pie Progress Item
gtg-advanced-blocks,block-default,Video
gtg-advanced-blocks,block-default,Cards
gtg-advanced-blocks,block-default,Number Box
gtg-advanced-blocks,block-default,Number Box Grid
gtg-advanced-blocks,block-default,Countdown
gtg-advanced-blocks,block-default,Form Builder
gtg-advanced-blocks,block-default,Single Image Block
gtg-advanced-blocks,block-default,Image Carousel
gtg-advanced-blocks,block-default,Advanced Media Card
custom-accordion-block,block-default,Custom Accordion
custom-accordion-block,block-default,Accordion Block
importdoc-block,block-default,ImportDoc Block
gutenipsum,,,YGIAGAM
wp-google-places-reviews,block-default,WP Google Places Reviews
wp-google-places-reviews,block-default,WP Google Places Reviews
info-blocks,,,YGIAGAM
gecko-blocks,,,YGIAGAM
recipe-blocks,block-default,recipe-blocks/ingredients
recipe-blocks,block-default,recipe-blocks/details
recipe-blocks,block-default,recipe-blocks/directions
recipe-blocks,block-default,recipe-blocks/notes
recipe-blocks,block-default,recipe-blocks/source
dynamaker-cad-configurator-integration,block-default,Embed DynaMaker CAD Configurator
interactive-promo,block-default,Interactive Promo,Engage your potential audience with an exciting promo
schedule-revisions,block-default,Schedule Revisions
ad-blocks,,,YGIAGAM
melonpan-block-code,block-default,Melonpan Block - Code
testimonial-blocks,block-default,Testimonial Blocks
notice-block,block-default,Notice,Put Spotlight On News, Announcements & Let The Visitors Find It Easily
th23-social,block-default,th23 Social
blockbuddy,block-default,Custom Query
video-popup-block,block-default,Video Popup
blocks-post-grid,block-default,blocks-post-grid/postgrid
blocks-post-grid,block-default,blocks-post-grid/postlist
gecko-section,block-default,gecko/section
rsvpmaker-for-toastmasters,block-default,RSVPMaker for Toastmasters
rsvpmaker-for-toastmasters,block-default,Agenda Layout Wrapper
rsvpmaker-for-toastmasters,block-default,RSVPMaker for Toastmasters
rsvpmaker-for-toastmasters,block-default,RSVPMaker for Toastmasters
rsvpmaker-for-toastmasters,block-default,RSVPMaker for Toastmasters
rsvpmaker-for-toastmasters,block-default,RSVPMaker for Toastmasters
rsvpmaker-for-toastmasters,block-default,RSVPMaker for Toastmasters
turbocharged-testimonial-block,,,YGIAGAM
kenzap-calendar,block-default,Kenzap Calendar 1
qroko-blocks,block-default,Qroko Blocks
qroko-blocks,block-default,Qroko Blocks
qroko-blocks,block-default,Qroko Blocks
qroko-blocks,block-default,Qroko Blocks
open-orphanage,,,YGIAGAM
besan-block,block-default,Chart
simple-block-gallery,block-default,Simple Block Gallery
simple-block-gallery,block-default,Simple Block Gallery
master-blocks,block-default,master-blocks/cf7
easy-blocks-pro,block-default,Accordion
easy-blocks-pro,block-default,Tabs
easy-blocks-pro,block-default,Testimonials
easy-blocks-pro,block-default,Image Slider
easy-blocks-pro,block-default,Profile
easy-blocks,,,YGIAGAM
lezwatchtv,block-default,... Of The Day (LezWatchTV)
lezwatchtv,block-default,Last Death (LezWatchTV)
code-editor-blocks,,,YGIAGAM
curatewp-nested-posts,block-default,Nested Posts by CurateWP
duogeek-blocks,block-default,Testimonial
duogeek-blocks,block-default,Author Profile
duogeek-blocks,block-default,DuoGeek - Gutenberg Blocks
duogeek-blocks,block-default,Advanced Columns
duogeek-blocks,block-default,Advanced Column
duogeek-blocks,block-default,Container
duogeek-blocks,block-default,Button
duogeek-blocks,block-default,Drop Cap
duogeek-blocks,block-default,DuoGeek - Gutenberg Blocks
duogeek-blocks,block-default,Call To Action
duogeek-blocks,block-default,Spacer
advanced-archive-blocks,,,YGIAGAM
team-members-blocks,,,YGIAGAM
wplp-code-snippet,block-default,Code Snippet Beautifier
payment-forms-customblock,block-default,Payment Forms CustomBlock
clapback,smiley,Clapback,The👏Clapback👏Block👏puts👏an👏emoji👏between👏your👏words.
melonpan-block-post-list,block-default,Melonpan Block - Post List
blocksbuster,block-default,Author Profile
blocks-for-documents-articles-and-faqs,block-default,Blocks for Documents, Articles and FAQs
blocks-for-documents-articles-and-faqs,block-default,Blocks for Documents, Articles and FAQs
blocks-for-documents-articles-and-faqs,block-default,Blocks for Documents, Articles and FAQs
gosign-content-nav-block,,,YGIAGAM
unofficial-convertkit,block-default,Unofficial ConvertKit
voilacollage,block-default,Voilà!Collage
web-recipe-clipper,,,YGIAGAM
social-gallery-block,block-default,Social Gallery Block - Instagram gallary block
awesome-alert-blocks,block-default,Alert Box
awesome-alert-blocks,block-default,Awesome Alert
awesome-alert-blocks,block-default,awesome-alert-block/block-awesome-alert-block
ever-blocks,,,YGIAGAM
affiliate-amazon-blockaab,,,YGIAGAM
boxer-block,block-default,Boxer Block
sellpress,block-default,Product
sellpress,block-default,Category
sellpress,block-default,Catalog
sellpress,block-default,Cart Button
lastweets,,,YGIAGAM
responsive-iframe,block-default,Responsive iframes
responsive-iframe,block-default,Responsive iframe
progress-bar-block,,,YGIAGAM
octrace-support,block-default,octrace-support/request-form
octrace-support,block-default,octrace-support/ticket-list
yasothon-blocks,block-default,Post Style 4
yasothon-blocks,block-default,Posts with Sidebar
yasothon-blocks,block-default,Post Text Inner
yasothon-blocks,block-default,Posts
yasothon-blocks,block-default,Columns
yasothon-blocks,block-default,Column
yasothon-blocks,block-default,Post Style 2
yasothon-blocks,block-default,Featured Post
yasothon-blocks,block-default,Post Style 3
yasothon-blocks,block-default,Post Style 1
contentfry-social-media-displays,block-default,contentfry/gutenberg-block
catenis-blocks,block-default,Catenis Blocks
catenis-blocks,block-default,Catenis Blocks
catenis-blocks,block-default,Catenis Blocks
catenis-blocks,block-default,Catenis Blocks
catenis-blocks,block-default,Catenis Blocks
catenis-blocks,block-default,Catenis Blocks
catenis-blocks,block-default,Catenis Blocks
catenis-blocks,block-default,Catenis Blocks
catenis-blocks,block-default,Catenis Blocks
catenis-blocks,block-default,Catenis Blocks
catenis-blocks,block-default,Store File
catenis-blocks,block-default,Send File
catenis-blocks,block-default,Message Input
catenis-blocks,block-default,Message History
catenis-blocks,block-default,Save Message
catenis-blocks,block-default,Display Message
catenis-blocks,block-default,Permissions
catenis-blocks,block-default,Send Message
catenis-blocks,block-default,Message Inbox
catenis-blocks,block-default,Store Message
awesome-slider-block,,,YGIAGAM
embedery-integrate,block-default,Popups by Embedery - A Modern WordPress Popup Plugin
random-block,,,YGIAGAM
builder-blocks,,,YGIAGAM
canvas-portfolio,,,YGIAGAM
anything-block,block-default,Anything Block
image-gallery-block,block-default,Image Gallery,Impress your audience with beautiful image gallery with lightbox.
test-plugin-3,,,YGIAGAM
ff-block-advanced-columns,block-default,frisfruitig/block-advanced-columns
stllr-blocks,block-default,Responsive YT
stllr-blocks,block-default,Movie Card
hebo-logo-slider-block,,,YGIAGAM
classic-editor,,,YGIAGAM
akismet,,,YGIAGAM
bbpress,,,YGIAGAM
gutenberg,,,YGIAGAM
wp-jquery-update-test,,,YGIAGAM
wp-autoupdates,,,YGIAGAM
two-factor,,,YGIAGAM
contact-form-7,block-default,Contact Form 7